List2Person0,password0
List2Person1,password1
List2Person2,password2
List2Person3,password3
List2Person4,password4
List2Person5,password5
List2Person6,password6
List2Person7,password7
List2Person8,password8
List2Person9,password9
List2Person10,password10
List2Person11,password11
List2Person12,password12
List2Person13,password13
List2Person14,password14
List2Person15,password15
List2Person16,password16
List2Person17,password17
List2Person18,password18
List2Person19,password19
List2Person20,password20
List2Person21,password21
List2Person22,password22
List2Person23,password23
List2Person24,password24
List2Person25,password25
List2Person26,password26
List2Person27,password27
List2Person28,password28
List2Person29,password29
List2Person30,password30
List2Person31,password31
List2Person32,password32
List2Person33,password33
List2Person34,password34
List2Person35,password35
List2Person36,password36
List2Person37,password37
List2Person38,password38
List2Person39,password39
List2Person40,password40
List2Person41,password41
List2Person42,password42
List2Person43,password43
List2Person44,password44
List2Person45,password45
List2Person46,password46
List2Person47,password47
List2Person48,password48
List2Person49,password49
List2Person50,password50
List2Person51,password51
List2Person52,password52
List2Person53,password53
List2Person54,password54
List2Person55,password55
List2Person56,password56
List2Person57,password57
List2Person58,password58
List2Person59,password59
List2Person60,password60
List2Person61,password61
List2Person62,password62
List2Person63,password63
List2Person64,password64
List2Person65,password65
List2Person66,password66
List2Person67,password67
List2Person68,password68
List2Person69,password69
List2Person70,password70
List2Person71,password71
List2Person72,password72
List2Person73,password73
List2Person74,password74
List2Person75,password75
List2Person76,password76
List2Person77,password77
List2Person78,password78
List2Person79,password79
List2Person80,password80
List2Person81,password81
List2Person82,password82
List2Person83,password83
List2Person84,password84
List2Person85,password85
List2Person86,password86
List2Person87,password87
List2Person88,password88
List2Person89,password89
List2Person90,password90
List2Person91,password91
List2Person92,password92
List2Person93,password93
List2Person94,password94
List2Person95,password95
List2Person96,password96
List2Person97,password97
List2Person98,password98
List2Person99,password99
List2Person100,password100
List2Person101,password101
List2Person102,password102
List2Person103,password103
List2Person104,password104
List2Person105,password105
List2Person106,password106
List2Person107,password107
List2Person108,password108
List2Person109,password109
List2Person110,password110
List2Person111,password111
List2Person112,password112
List2Person113,password113
List2Person114,password114
List2Person115,password115
List2Person116,password116
List2Person117,password117
List2Person118,password118
List2Person119,password119
List2Person120,password120
List2Person121,password121
List2Person122,password122
List2Person123,password123
List2Person124,password124
List2Person125,password125
List2Person126,password126
List2Person127,password127
List2Person128,password128
List2Person129,password129
List2Person130,password130
List2Person131,password131
List2Person132,password132
List2Person133,password133
List2Person134,password134
List2Person135,password135
List2Person136,password136
List2Person137,password137
List2Person138,password138
List2Person139,password139
List2Person140,password140
List2Person141,password141
List2Person142,password142
List2Person143,password143
List2Person144,password144
List2Person145,password145
List2Person146,password146
List2Person147,password147
List2Person148,password148
List2Person149,password149
List2Person150,password150
List2Person151,password151
List2Person152,password152
List2Person153,password153
List2Person154,password154
List2Person155,password155
List2Person156,password156
List2Person157,password157
List2Person158,password158
List2Person159,password159
List2Person160,password160
List2Person161,password161
List2Person162,password162
List2Person163,password163
List2Person164,password164
List2Person165,password165
List2Person166,password166
List2Person167,password167
List2Person168,password168
List2Person169,password169
List2Person170,password170
List2Person171,password171
List2Person172,password172
List2Person173,password173
List2Person174,password174
List2Person175,password175
List2Person176,password176
List2Person177,password177
List2Person178,password178
List2Person179,password179
List2Person180,password180
List2Person181,password181
List2Person182,password182
List2Person183,password183
List2Person184,password184
List2Person185,password185
List2Person186,password186
List2Person187,password187
List2Person188,password188
List2Person189,password189
List2Person190,password190
List2Person191,password191
List2Person192,password192
List2Person193,password193
List2Person194,password194
List2Person195,password195
List2Person196,password196
List2Person197,password197
List2Person198,password198
List2Person199,password199
List2Person200,password200
List2Person201,password201
List2Person202,password202
List2Person203,password203
List2Person204,password204
List2Person205,password205
List2Person206,password206
List2Person207,password207
List2Person208,password208
List2Person209,password209
List2Person210,password210
List2Person211,password211
List2Person212,password212
List2Person213,password213
List2Person214,password214
List2Person215,password215
List2Person216,password216
List2Person217,password217
List2Person218,password218
List2Person219,password219
List2Person220,password220
List2Person221,password221
List2Person222,password222
List2Person223,password223
List2Person224,password224
List2Person225,password225
List2Person226,password226
List2Person227,password227
List2Person228,password228
List2Person229,password229
List2Person230,password230
List2Person231,password231
List2Person232,password232
List2Person233,password233
List2Person234,password234
List2Person235,password235
List2Person236,password236
List2Person237,password237
List2Person238,password238
List2Person239,password239
List2Person240,password240
List2Person241,password241
List2Person242,password242
List2Person243,password243
List2Person244,password244
List2Person245,password245
List2Person246,password246
List2Person247,password247
List2Person248,password248
List2Person249,password249
List2Person250,password250
List2Person251,password251
List2Person252,password252
List2Person253,password253
List2Person254,password254
List2Person255,password255
List2Person256,password256
List2Person257,password257
List2Person258,password258
List2Person259,password259
List2Person260,password260
List2Person261,password261
List2Person262,password262
List2Person263,password263
List2Person264,password264
List2Person265,password265
List2Person266,password266
List2Person267,password267
List2Person268,password268
List2Person269,password269
List2Person270,password270
List2Person271,password271
List2Person272,password272
List2Person273,password273
List2Person274,password274
List2Person275,password275
List2Person276,password276
List2Person277,password277
List2Person278,password278
List2Person279,password279
List2Person280,password280
List2Person281,password281
List2Person282,password282
List2Person283,password283
List2Person284,password284
List2Person285,password285
List2Person286,password286
List2Person287,password287
List2Person288,password288
List2Person289,password289
List2Person290,password290
List2Person291,password291
List2Person292,password292
List2Person293,password293
List2Person294,password294
List2Person295,password295
List2Person296,password296
List2Person297,password297
List2Person298,password298
List2Person299,password299
List2Person300,password300
List2Person301,password301
List2Person302,password302
List2Person303,password303
List2Person304,password304
List2Person305,password305
List2Person306,password306
List2Person307,password307
List2Person308,password308
List2Person309,password309
List2Person310,password310
List2Person311,password311
List2Person312,password312
List2Person313,password313
List2Person314,password314
List2Person315,password315
List2Person316,password316
List2Person317,password317
List2Person318,password318
List2Person319,password319
List2Person320,password320
List2Person321,password321
List2Person322,password322
List2Person323,password323
List2Person324,password324
List2Person325,password325
List2Person326,password326
List2Person327,password327
List2Person328,password328
List2Person329,password329
List2Person330,password330
List2Person331,password331
List2Person332,password332
List2Person333,password333
List2Person334,password334
List2Person335,password335
List2Person336,password336
List2Person337,password337
List2Person338,password338
List2Person339,password339
List2Person340,password340
List2Person341,password341
List2Person342,password342
List2Person343,password343
List2Person344,password344
List2Person345,password345
List2Person346,password346
List2Person347,password347
List2Person348,password348
List2Person349,password349
List2Person350,password350
List2Person351,password351
List2Person352,password352
List2Person353,password353
List2Person354,password354
List2Person355,password355
List2Person356,password356
List2Person357,password357
List2Person358,password358
List2Person359,password359
List2Person360,password360
List2Person361,password361
List2Person362,password362
List2Person363,password363
List2Person364,password364
List2Person365,password365
List2Person366,password366
List2Person367,password367
List2Person368,password368
List2Person369,password369
List2Person370,password370
List2Person371,password371
List2Person372,password372
List2Person373,password373
List2Person374,password374
List2Person375,password375
List2Person376,password376
List2Person377,password377
List2Person378,password378
List2Person379,password379
List2Person380,password380
List2Person381,password381
List2Person382,password382
List2Person383,password383
List2Person384,password384
List2Person385,password385
List2Person386,password386
List2Person387,password387
List2Person388,password388
List2Person389,password389
List2Person390,password390
List2Person391,password391
List2Person392,password392
List2Person393,password393
List2Person394,password394
List2Person395,password395
List2Person396,password396
List2Person397,password397
List2Person398,password398
List2Person399,password399
List2Person400,password400
List2Person401,password401
List2Person402,password402
List2Person403,password403
List2Person404,password404
List2Person405,password405
List2Person406,password406
List2Person407,password407
List2Person408,password408
List2Person409,password409
List2Person410,password410
List2Person411,password411
List2Person412,password412
List2Person413,password413
List2Person414,password414
List2Person415,password415
List2Person416,password416
List2Person417,password417
List2Person418,password418
List2Person419,password419
List2Person420,password420
List2Person421,password421
List2Person422,password422
List2Person423,password423
List2Person424,password424
List2Person425,password425
List2Person426,password426
List2Person427,password427
List2Person428,password428
List2Person429,password429
List2Person430,password430
List2Person431,password431
List2Person432,password432
List2Person433,password433
List2Person434,password434
List2Person435,password435
List2Person436,password436
List2Person437,password437
List2Person438,password438
List2Person439,password439
List2Person440,password440
List2Person441,password441
List2Person442,password442
List2Person443,password443
List2Person444,password444
List2Person445,password445
List2Person446,password446
List2Person447,password447
List2Person448,password448
List2Person449,password449
List2Person450,password450
List2Person451,password451
List2Person452,password452
List2Person453,password453
List2Person454,password454
List2Person455,password455
List2Person456,password456
List2Person457,password457
List2Person458,password458
List2Person459,password459
List2Person460,password460
List2Person461,password461
List2Person462,password462
List2Person463,password463
List2Person464,password464
List2Person465,password465
List2Person466,password466
List2Person467,password467
List2Person468,password468
List2Person469,password469
List2Person470,password470
List2Person471,password471
List2Person472,password472
List2Person473,password473
List2Person474,password474
List2Person475,password475
List2Person476,password476
List2Person477,password477
List2Person478,password478
List2Person479,password479
List2Person480,password480
List2Person481,password481
List2Person482,password482
List2Person483,password483
List2Person484,password484
List2Person485,password485
List2Person486,password486
List2Person487,password487
List2Person488,password488
List2Person489,password489
List2Person490,password490
List2Person491,password491
List2Person492,password492
List2Person493,password493
List2Person494,password494
List2Person495,password495
List2Person496,password496
List2Person497,password497
List2Person498,password498
List2Person499,password499
List2Person500,password500
List2Person501,password501
List2Person502,password502
List2Person503,password503
List2Person504,password504
List2Person505,password505
List2Person506,password506
List2Person507,password507
List2Person508,password508
List2Person509,password509
List2Person510,password510
List2Person511,password511
List2Person512,password512
List2Person513,password513
List2Person514,password514
List2Person515,password515
List2Person516,password516
List2Person517,password517
List2Person518,password518
List2Person519,password519
List2Person520,password520
List2Person521,password521
List2Person522,password522
List2Person523,password523
List2Person524,password524
List2Person525,password525
List2Person526,password526
List2Person527,password527
List2Person528,password528
List2Person529,password529
List2Person530,password530
List2Person531,password531
List2Person532,password532
List2Person533,password533
List2Person534,password534
List2Person535,password535
List2Person536,password536
List2Person537,password537
List2Person538,password538
List2Person539,password539
List2Person540,password540
List2Person541,password541
List2Person542,password542
List2Person543,password543
List2Person544,password544
List2Person545,password545
List2Person546,password546
List2Person547,password547
List2Person548,password548
List2Person549,password549
List2Person550,password550
List2Person551,password551
List2Person552,password552
List2Person553,password553
List2Person554,password554
List2Person555,password555
List2Person556,password556
List2Person557,password557
List2Person558,password558
List2Person559,password559
List2Person560,password560
List2Person561,password561
List2Person562,password562
List2Person563,password563
List2Person564,password564
List2Person565,password565
List2Person566,password566
List2Person567,password567
List2Person568,password568
List2Person569,password569
List2Person570,password570
List2Person571,password571
List2Person572,password572
List2Person573,password573
List2Person574,password574
List2Person575,password575
List2Person576,password576
List2Person577,password577
List2Person578,password578
List2Person579,password579
List2Person580,password580
List2Person581,password581
List2Person582,password582
List2Person583,password583
List2Person584,password584
List2Person585,password585
List2Person586,password586
List2Person587,password587
List2Person588,password588
List2Person589,password589
List2Person590,password590
List2Person591,password591
List2Person592,password592
List2Person593,password593
List2Person594,password594
List2Person595,password595
List2Person596,password596
List2Person597,password597
List2Person598,password598
List2Person599,password599
List2Person600,password600
List2Person601,password601
List2Person602,password602
List2Person603,password603
List2Person604,password604
List2Person605,password605
List2Person606,password606
List2Person607,password607
List2Person608,password608
List2Person609,password609
List2Person610,password610
List2Person611,password611
List2Person612,password612
List2Person613,password613
List2Person614,password614
List2Person615,password615
List2Person616,password616
List2Person617,password617
List2Person618,password618
List2Person619,password619
List2Person620,password620
List2Person621,password621
List2Person622,password622
List2Person623,password623
List2Person624,password624
List2Person625,password625
List2Person626,password626
List2Person627,password627
List2Person628,password628
List2Person629,password629
List2Person630,password630
List2Person631,password631
List2Person632,password632
List2Person633,password633
List2Person634,password634
List2Person635,password635
List2Person636,password636
List2Person637,password637
List2Person638,password638
List2Person639,password639
List2Person640,password640
List2Person641,password641
List2Person642,password642
List2Person643,password643
List2Person644,password644
List2Person645,password645
List2Person646,password646
List2Person647,password647
List2Person648,password648
List2Person649,password649
List2Person650,password650
List2Person651,password651
List2Person652,password652
List2Person653,password653
List2Person654,password654
List2Person655,password655
List2Person656,password656
List2Person657,password657
List2Person658,password658
List2Person659,password659
List2Person660,password660
List2Person661,password661
List2Person662,password662
List2Person663,password663
List2Person664,password664
List2Person665,password665
List2Person666,password666
List2Person667,password667
List2Person668,password668
List2Person669,password669
List2Person670,password670
List2Person671,password671
List2Person672,password672
List2Person673,password673
List2Person674,password674
List2Person675,password675
List2Person676,password676
List2Person677,password677
List2Person678,password678
List2Person679,password679
List2Person680,password680
List2Person681,password681
List2Person682,password682
List2Person683,password683
List2Person684,password684
List2Person685,password685
List2Person686,password686
List2Person687,password687
List2Person688,password688
List2Person689,password689
List2Person690,password690
List2Person691,password691
List2Person692,password692
List2Person693,password693
List2Person694,password694
List2Person695,password695
List2Person696,password696
List2Person697,password697
List2Person698,password698
List2Person699,password699
List2Person700,password700
List2Person701,password701
List2Person702,password702
List2Person703,password703
List2Person704,password704
List2Person705,password705
List2Person706,password706
List2Person707,password707
List2Person708,password708
List2Person709,password709
List2Person710,password710
List2Person711,password711
List2Person712,password712
List2Person713,password713
List2Person714,password714
List2Person715,password715
List2Person716,password716
List2Person717,password717
List2Person718,password718
List2Person719,password719
List2Person720,password720
List2Person721,password721
List2Person722,password722
List2Person723,password723
List2Person724,password724
List2Person725,password725
List2Person726,password726
List2Person727,password727
List2Person728,password728
List2Person729,password729
List2Person730,password730
List2Person731,password731
List2Person732,password732
List2Person733,password733
List2Person734,password734
List2Person735,password735
List2Person736,password736
List2Person737,password737
List2Person738,password738
List2Person739,password739
List2Person740,password740
List2Person741,password741
List2Person742,password742
List2Person743,password743
List2Person744,password744
List2Person745,password745
List2Person746,password746
List2Person747,password747
List2Person748,password748
List2Person749,password749
List2Person750,password750
List2Person751,password751
List2Person752,password752
List2Person753,password753
List2Person754,password754
List2Person755,password755
List2Person756,password756
List2Person757,password757
List2Person758,password758
List2Person759,password759
List2Person760,password760
List2Person761,password761
List2Person762,password762
List2Person763,password763
List2Person764,password764
List2Person765,password765
List2Person766,password766
List2Person767,password767
List2Person768,password768
List2Person769,password769
List2Person770,password770
List2Person771,password771
List2Person772,password772
List2Person773,password773
List2Person774,password774
List2Person775,password775
List2Person776,password776
List2Person777,password777
List2Person778,password778
List2Person779,password779
List2Person780,password780
List2Person781,password781
List2Person782,password782
List2Person783,password783
List2Person784,password784
List2Person785,password785
List2Person786,password786
List2Person787,password787
List2Person788,password788
List2Person789,password789
List2Person790,password790
List2Person791,password791
List2Person792,password792
List2Person793,password793
List2Person794,password794
List2Person795,password795
List2Person796,password796
List2Person797,password797
List2Person798,password798
List2Person799,password799
List2Person800,password800
List2Person801,password801
List2Person802,password802
List2Person803,password803
List2Person804,password804
List2Person805,password805
List2Person806,password806
List2Person807,password807
List2Person808,password808
List2Person809,password809
List2Person810,password810
List2Person811,password811
List2Person812,password812
List2Person813,password813
List2Person814,password814
List2Person815,password815
List2Person816,password816
List2Person817,password817
List2Person818,password818
List2Person819,password819
List2Person820,password820
List2Person821,password821
List2Person822,password822
List2Person823,password823
List2Person824,password824
List2Person825,password825
List2Person826,password826
List2Person827,password827
List2Person828,password828
List2Person829,password829
List2Person830,password830
List2Person831,password831
List2Person832,password832
List2Person833,password833
List2Person834,password834
List2Person835,password835
List2Person836,password836
List2Person837,password837
List2Person838,password838
List2Person839,password839
List2Person840,password840
List2Person841,password841
List2Person842,password842
List2Person843,password843
List2Person844,password844
List2Person845,password845
List2Person846,password846
List2Person847,password847
List2Person848,password848
List2Person849,password849
List2Person850,password850
List2Person851,password851
List2Person852,password852
List2Person853,password853
List2Person854,password854
List2Person855,password855
List2Person856,password856
List2Person857,password857
List2Person858,password858
List2Person859,password859
List2Person860,password860
List2Person861,password861
List2Person862,password862
List2Person863,password863
List2Person864,password864
List2Person865,password865
List2Person866,password866
List2Person867,password867
List2Person868,password868
List2Person869,password869
List2Person870,password870
List2Person871,password871
List2Person872,password872
List2Person873,password873
List2Person874,password874
List2Person875,password875
List2Person876,password876
List2Person877,password877
List2Person878,password878
List2Person879,password879
List2Person880,password880
List2Person881,password881
List2Person882,password882
List2Person883,password883
List2Person884,password884
List2Person885,password885
List2Person886,password886
List2Person887,password887
List2Person888,password888
List2Person889,password889
List2Person890,password890
List2Person891,password891
List2Person892,password892
List2Person893,password893
List2Person894,password894
List2Person895,password895
List2Person896,password896
List2Person897,password897
List2Person898,password898
List2Person899,password899
List2Person900,password900
List2Person901,password901
List2Person902,password902
List2Person903,password903
List2Person904,password904
List2Person905,password905
List2Person906,password906
List2Person907,password907
List2Person908,password908
List2Person909,password909
List2Person910,password910
List2Person911,password911
List2Person912,password912
List2Person913,password913
List2Person914,password914
List2Person915,password915
List2Person916,password916
List2Person917,password917
List2Person918,password918
List2Person919,password919
List2Person920,password920
List2Person921,password921
List2Person922,password922
List2Person923,password923
List2Person924,password924
List2Person925,password925
List2Person926,password926
List2Person927,password927
List2Person928,password928
List2Person929,password929
List2Person930,password930
List2Person931,password931
List2Person932,password932
List2Person933,password933
List2Person934,password934
List2Person935,password935
List2Person936,password936
List2Person937,password937
List2Person938,password938
List2Person939,password939
List2Person940,password940
List2Person941,password941
List2Person942,password942
List2Person943,password943
List2Person944,password944
List2Person945,password945
List2Person946,password946
List2Person947,password947
List2Person948,password948
List2Person949,password949
List2Person950,password950
List2Person951,password951
List2Person952,password952
List2Person953,password953
List2Person954,password954
List2Person955,password955
List2Person956,password956
List2Person957,password957
List2Person958,password958
List2Person959,password959
List2Person960,password960
List2Person961,password961
List2Person962,password962
List2Person963,password963
List2Person964,password964
List2Person965,password965
List2Person966,password966
List2Person967,password967
List2Person968,password968
List2Person969,password969
List2Person970,password970
List2Person971,password971
List2Person972,password972
List2Person973,password973
List2Person974,password974
List2Person975,password975
List2Person976,password976
List2Person977,password977
List2Person978,password978
List2Person979,password979
List2Person980,password980
List2Person981,password981
List2Person982,password982
List2Person983,password983
List2Person984,password984
List2Person985,password985
List2Person986,password986
List2Person987,password987
List2Person988,password988
List2Person989,password989
List2Person990,password990
List2Person991,password991
List2Person992,password992
List2Person993,password993
List2Person994,password994
List2Person995,password995
List2Person996,password996
List2Person997,password997
List2Person998,password998
List2Person999,password999
