Recording_test_60_Person0,mailme0@gmail.com,password0,password0,1,M,1234568250,Address0
Recording_test_60_Person1,mailme1@gmail.com,password1,password1,2,M,1234568251,Address1
Recording_test_60_Person2,mailme2@gmail.com,password2,password2,3,M,1234568252,Address2
Recording_test_60_Person3,mailme3@gmail.com,password3,password3,4,M,1234568253,Address3
Recording_test_60_Person4,mailme4@gmail.com,password4,password4,5,M,1234568254,Address4
Recording_test_60_Person5,mailme5@gmail.com,password5,password5,6,M,1234568255,Address5
Recording_test_60_Person6,mailme6@gmail.com,password6,password6,7,M,1234568256,Address6
Recording_test_60_Person7,mailme7@gmail.com,password7,password7,8,M,1234568257,Address7
Recording_test_60_Person8,mailme8@gmail.com,password8,password8,9,M,1234568258,Address8
Recording_test_60_Person9,mailme9@gmail.com,password9,password9,10,M,1234568259,Address9
Recording_test_60_Person10,mailme10@gmail.com,password10,password10,1,M,12345682510,Address10
Recording_test_60_Person11,mailme11@gmail.com,password11,password11,2,M,12345682511,Address11
Recording_test_60_Person12,mailme12@gmail.com,password12,password12,3,M,12345682512,Address12
Recording_test_60_Person13,mailme13@gmail.com,password13,password13,4,M,12345682513,Address13
Recording_test_60_Person14,mailme14@gmail.com,password14,password14,5,M,12345682514,Address14
Recording_test_60_Person15,mailme15@gmail.com,password15,password15,6,M,12345682515,Address15
Recording_test_60_Person16,mailme16@gmail.com,password16,password16,7,M,12345682516,Address16
Recording_test_60_Person17,mailme17@gmail.com,password17,password17,8,M,12345682517,Address17
Recording_test_60_Person18,mailme18@gmail.com,password18,password18,9,M,12345682518,Address18
Recording_test_60_Person19,mailme19@gmail.com,password19,password19,10,M,12345682519,Address19
Recording_test_60_Person20,mailme20@gmail.com,password20,password20,1,M,12345682520,Address20
Recording_test_60_Person21,mailme21@gmail.com,password21,password21,2,M,12345682521,Address21
Recording_test_60_Person22,mailme22@gmail.com,password22,password22,3,M,12345682522,Address22
Recording_test_60_Person23,mailme23@gmail.com,password23,password23,4,M,12345682523,Address23
Recording_test_60_Person24,mailme24@gmail.com,password24,password24,5,M,12345682524,Address24
Recording_test_60_Person25,mailme25@gmail.com,password25,password25,6,M,12345682525,Address25
Recording_test_60_Person26,mailme26@gmail.com,password26,password26,7,M,12345682526,Address26
Recording_test_60_Person27,mailme27@gmail.com,password27,password27,8,M,12345682527,Address27
Recording_test_60_Person28,mailme28@gmail.com,password28,password28,9,M,12345682528,Address28
Recording_test_60_Person29,mailme29@gmail.com,password29,password29,10,M,12345682529,Address29
Recording_test_60_Person30,mailme30@gmail.com,password30,password30,1,M,12345682530,Address30
Recording_test_60_Person31,mailme31@gmail.com,password31,password31,2,M,12345682531,Address31
Recording_test_60_Person32,mailme32@gmail.com,password32,password32,3,M,12345682532,Address32
Recording_test_60_Person33,mailme33@gmail.com,password33,password33,4,M,12345682533,Address33
Recording_test_60_Person34,mailme34@gmail.com,password34,password34,5,M,12345682534,Address34
Recording_test_60_Person35,mailme35@gmail.com,password35,password35,6,M,12345682535,Address35
Recording_test_60_Person36,mailme36@gmail.com,password36,password36,7,M,12345682536,Address36
Recording_test_60_Person37,mailme37@gmail.com,password37,password37,8,M,12345682537,Address37
Recording_test_60_Person38,mailme38@gmail.com,password38,password38,9,M,12345682538,Address38
Recording_test_60_Person39,mailme39@gmail.com,password39,password39,10,M,12345682539,Address39
Recording_test_60_Person40,mailme40@gmail.com,password40,password40,1,M,12345682540,Address40
Recording_test_60_Person41,mailme41@gmail.com,password41,password41,2,M,12345682541,Address41
Recording_test_60_Person42,mailme42@gmail.com,password42,password42,3,M,12345682542,Address42
Recording_test_60_Person43,mailme43@gmail.com,password43,password43,4,M,12345682543,Address43
Recording_test_60_Person44,mailme44@gmail.com,password44,password44,5,M,12345682544,Address44
Recording_test_60_Person45,mailme45@gmail.com,password45,password45,6,M,12345682545,Address45
Recording_test_60_Person46,mailme46@gmail.com,password46,password46,7,M,12345682546,Address46
Recording_test_60_Person47,mailme47@gmail.com,password47,password47,8,M,12345682547,Address47
Recording_test_60_Person48,mailme48@gmail.com,password48,password48,9,M,12345682548,Address48
Recording_test_60_Person49,mailme49@gmail.com,password49,password49,10,M,12345682549,Address49
Recording_test_60_Person50,mailme50@gmail.com,password50,password50,1,M,12345682550,Address50
Recording_test_60_Person51,mailme51@gmail.com,password51,password51,2,M,12345682551,Address51
Recording_test_60_Person52,mailme52@gmail.com,password52,password52,3,M,12345682552,Address52
Recording_test_60_Person53,mailme53@gmail.com,password53,password53,4,M,12345682553,Address53
Recording_test_60_Person54,mailme54@gmail.com,password54,password54,5,M,12345682554,Address54
Recording_test_60_Person55,mailme55@gmail.com,password55,password55,6,M,12345682555,Address55
Recording_test_60_Person56,mailme56@gmail.com,password56,password56,7,M,12345682556,Address56
Recording_test_60_Person57,mailme57@gmail.com,password57,password57,8,M,12345682557,Address57
Recording_test_60_Person58,mailme58@gmail.com,password58,password58,9,M,12345682558,Address58
Recording_test_60_Person59,mailme59@gmail.com,password59,password59,10,M,12345682559,Address59
