List2Person0,mailme0@gmail.com,password0,password0,1,M,1234568250,Address0
List2Person1,mailme1@gmail.com,password1,password1,2,M,1234568251,Address1
List2Person2,mailme2@gmail.com,password2,password2,3,M,1234568252,Address2
List2Person3,mailme3@gmail.com,password3,password3,4,M,1234568253,Address3
List2Person4,mailme4@gmail.com,password4,password4,5,M,1234568254,Address4
List2Person5,mailme5@gmail.com,password5,password5,6,M,1234568255,Address5
List2Person6,mailme6@gmail.com,password6,password6,7,M,1234568256,Address6
List2Person7,mailme7@gmail.com,password7,password7,8,M,1234568257,Address7
List2Person8,mailme8@gmail.com,password8,password8,9,M,1234568258,Address8
List2Person9,mailme9@gmail.com,password9,password9,10,M,1234568259,Address9
List2Person10,mailme10@gmail.com,password10,password10,1,M,12345682510,Address10
List2Person11,mailme11@gmail.com,password11,password11,2,M,12345682511,Address11
List2Person12,mailme12@gmail.com,password12,password12,3,M,12345682512,Address12
List2Person13,mailme13@gmail.com,password13,password13,4,M,12345682513,Address13
List2Person14,mailme14@gmail.com,password14,password14,5,M,12345682514,Address14
List2Person15,mailme15@gmail.com,password15,password15,6,M,12345682515,Address15
List2Person16,mailme16@gmail.com,password16,password16,7,M,12345682516,Address16
List2Person17,mailme17@gmail.com,password17,password17,8,M,12345682517,Address17
List2Person18,mailme18@gmail.com,password18,password18,9,M,12345682518,Address18
List2Person19,mailme19@gmail.com,password19,password19,10,M,12345682519,Address19
List2Person20,mailme20@gmail.com,password20,password20,1,M,12345682520,Address20
List2Person21,mailme21@gmail.com,password21,password21,2,M,12345682521,Address21
List2Person22,mailme22@gmail.com,password22,password22,3,M,12345682522,Address22
List2Person23,mailme23@gmail.com,password23,password23,4,M,12345682523,Address23
List2Person24,mailme24@gmail.com,password24,password24,5,M,12345682524,Address24
List2Person25,mailme25@gmail.com,password25,password25,6,M,12345682525,Address25
List2Person26,mailme26@gmail.com,password26,password26,7,M,12345682526,Address26
List2Person27,mailme27@gmail.com,password27,password27,8,M,12345682527,Address27
List2Person28,mailme28@gmail.com,password28,password28,9,M,12345682528,Address28
List2Person29,mailme29@gmail.com,password29,password29,10,M,12345682529,Address29
List2Person30,mailme30@gmail.com,password30,password30,1,M,12345682530,Address30
List2Person31,mailme31@gmail.com,password31,password31,2,M,12345682531,Address31
List2Person32,mailme32@gmail.com,password32,password32,3,M,12345682532,Address32
List2Person33,mailme33@gmail.com,password33,password33,4,M,12345682533,Address33
List2Person34,mailme34@gmail.com,password34,password34,5,M,12345682534,Address34
List2Person35,mailme35@gmail.com,password35,password35,6,M,12345682535,Address35
List2Person36,mailme36@gmail.com,password36,password36,7,M,12345682536,Address36
List2Person37,mailme37@gmail.com,password37,password37,8,M,12345682537,Address37
List2Person38,mailme38@gmail.com,password38,password38,9,M,12345682538,Address38
List2Person39,mailme39@gmail.com,password39,password39,10,M,12345682539,Address39
List2Person40,mailme40@gmail.com,password40,password40,1,M,12345682540,Address40
List2Person41,mailme41@gmail.com,password41,password41,2,M,12345682541,Address41
List2Person42,mailme42@gmail.com,password42,password42,3,M,12345682542,Address42
List2Person43,mailme43@gmail.com,password43,password43,4,M,12345682543,Address43
List2Person44,mailme44@gmail.com,password44,password44,5,M,12345682544,Address44
List2Person45,mailme45@gmail.com,password45,password45,6,M,12345682545,Address45
List2Person46,mailme46@gmail.com,password46,password46,7,M,12345682546,Address46
List2Person47,mailme47@gmail.com,password47,password47,8,M,12345682547,Address47
List2Person48,mailme48@gmail.com,password48,password48,9,M,12345682548,Address48
List2Person49,mailme49@gmail.com,password49,password49,10,M,12345682549,Address49
List2Person50,mailme50@gmail.com,password50,password50,1,M,12345682550,Address50
List2Person51,mailme51@gmail.com,password51,password51,2,M,12345682551,Address51
List2Person52,mailme52@gmail.com,password52,password52,3,M,12345682552,Address52
List2Person53,mailme53@gmail.com,password53,password53,4,M,12345682553,Address53
List2Person54,mailme54@gmail.com,password54,password54,5,M,12345682554,Address54
List2Person55,mailme55@gmail.com,password55,password55,6,M,12345682555,Address55
List2Person56,mailme56@gmail.com,password56,password56,7,M,12345682556,Address56
List2Person57,mailme57@gmail.com,password57,password57,8,M,12345682557,Address57
List2Person58,mailme58@gmail.com,password58,password58,9,M,12345682558,Address58
List2Person59,mailme59@gmail.com,password59,password59,10,M,12345682559,Address59
List2Person60,mailme60@gmail.com,password60,password60,1,M,12345682560,Address60
List2Person61,mailme61@gmail.com,password61,password61,2,M,12345682561,Address61
List2Person62,mailme62@gmail.com,password62,password62,3,M,12345682562,Address62
List2Person63,mailme63@gmail.com,password63,password63,4,M,12345682563,Address63
List2Person64,mailme64@gmail.com,password64,password64,5,M,12345682564,Address64
List2Person65,mailme65@gmail.com,password65,password65,6,M,12345682565,Address65
List2Person66,mailme66@gmail.com,password66,password66,7,M,12345682566,Address66
List2Person67,mailme67@gmail.com,password67,password67,8,M,12345682567,Address67
List2Person68,mailme68@gmail.com,password68,password68,9,M,12345682568,Address68
List2Person69,mailme69@gmail.com,password69,password69,10,M,12345682569,Address69
List2Person70,mailme70@gmail.com,password70,password70,1,M,12345682570,Address70
List2Person71,mailme71@gmail.com,password71,password71,2,M,12345682571,Address71
List2Person72,mailme72@gmail.com,password72,password72,3,M,12345682572,Address72
List2Person73,mailme73@gmail.com,password73,password73,4,M,12345682573,Address73
List2Person74,mailme74@gmail.com,password74,password74,5,M,12345682574,Address74
List2Person75,mailme75@gmail.com,password75,password75,6,M,12345682575,Address75
List2Person76,mailme76@gmail.com,password76,password76,7,M,12345682576,Address76
List2Person77,mailme77@gmail.com,password77,password77,8,M,12345682577,Address77
List2Person78,mailme78@gmail.com,password78,password78,9,M,12345682578,Address78
List2Person79,mailme79@gmail.com,password79,password79,10,M,12345682579,Address79
List2Person80,mailme80@gmail.com,password80,password80,1,M,12345682580,Address80
List2Person81,mailme81@gmail.com,password81,password81,2,M,12345682581,Address81
List2Person82,mailme82@gmail.com,password82,password82,3,M,12345682582,Address82
List2Person83,mailme83@gmail.com,password83,password83,4,M,12345682583,Address83
List2Person84,mailme84@gmail.com,password84,password84,5,M,12345682584,Address84
List2Person85,mailme85@gmail.com,password85,password85,6,M,12345682585,Address85
List2Person86,mailme86@gmail.com,password86,password86,7,M,12345682586,Address86
List2Person87,mailme87@gmail.com,password87,password87,8,M,12345682587,Address87
List2Person88,mailme88@gmail.com,password88,password88,9,M,12345682588,Address88
List2Person89,mailme89@gmail.com,password89,password89,10,M,12345682589,Address89
List2Person90,mailme90@gmail.com,password90,password90,1,M,12345682590,Address90
List2Person91,mailme91@gmail.com,password91,password91,2,M,12345682591,Address91
List2Person92,mailme92@gmail.com,password92,password92,3,M,12345682592,Address92
List2Person93,mailme93@gmail.com,password93,password93,4,M,12345682593,Address93
List2Person94,mailme94@gmail.com,password94,password94,5,M,12345682594,Address94
List2Person95,mailme95@gmail.com,password95,password95,6,M,12345682595,Address95
List2Person96,mailme96@gmail.com,password96,password96,7,M,12345682596,Address96
List2Person97,mailme97@gmail.com,password97,password97,8,M,12345682597,Address97
List2Person98,mailme98@gmail.com,password98,password98,9,M,12345682598,Address98
List2Person99,mailme99@gmail.com,password99,password99,10,M,12345682599,Address99
